<?xml version="1.0" encoding="UTF-8"?>
<objects serializationModel="Studio.02.02.00">
	<object class="Event" id="{e2c2f48a-00d6-4c71-b045-554f9dd71c6a}">
		<property name="name">
			<value>Heartbeat</value>
		</property>
		<property name="outputFormat">
			<value>1</value>
		</property>
		<relationship name="folder">
			<destination>{484cd9aa-4b56-4eb8-ad9d-0577599c1d49}</destination>
		</relationship>
		<relationship name="mixer">
			<destination>{33a590d0-3b83-4d04-bc58-c83c3c4408b0}</destination>
		</relationship>
		<relationship name="masterTrack">
			<destination>{8db0e01f-4650-43cb-af4a-d05fdcadb050}</destination>
		</relationship>
		<relationship name="mixerInput">
			<destination>{7993f71a-969f-430c-a28e-ca861595cfb8}</destination>
		</relationship>
		<relationship name="automatableProperties">
			<destination>{b378065e-183f-4cd9-9d86-8ccca0cef79f}</destination>
		</relationship>
		<relationship name="markerTracks">
			<destination>{def9c417-bea0-458f-a110-8edc6236053b}</destination>
		</relationship>
		<relationship name="groupTracks">
			<destination>{df1c2ea8-806d-42df-8ae2-a8f737e67e04}</destination>
		</relationship>
		<relationship name="timeline">
			<destination>{385034b7-eb30-4574-9e4b-1bd435c3920c}</destination>
		</relationship>
		<relationship name="banks">
			<destination>{e96bcc48-5502-422b-a21d-1b4b9bc76a5d}</destination>
		</relationship>
	</object>
	<object class="EventMixer" id="{33a590d0-3b83-4d04-bc58-c83c3c4408b0}">
		<relationship name="masterBus">
			<destination>{03516f5f-5b43-48d5-81de-9f747decfa70}</destination>
		</relationship>
	</object>
	<object class="MasterTrack" id="{8db0e01f-4650-43cb-af4a-d05fdcadb050}">
		<relationship name="mixerGroup">
			<destination>{03516f5f-5b43-48d5-81de-9f747decfa70}</destination>
		</relationship>
	</object>
	<object class="MixerInput" id="{7993f71a-969f-430c-a28e-ca861595cfb8}">
		<relationship name="effectChain">
			<destination>{9da2092f-7422-44a3-b71b-6c23bd13954e}</destination>
		</relationship>
		<relationship name="panner">
			<destination>{a756d0c5-cf5c-488c-96f3-a7b607220ba0}</destination>
		</relationship>
		<relationship name="output">
			<destination>{d0e21db5-49b4-4caa-be7c-3178258a5364}</destination>
		</relationship>
	</object>
	<object class="EventAutomatableProperties" id="{b378065e-183f-4cd9-9d86-8ccca0cef79f}" />
	<object class="MarkerTrack" id="{def9c417-bea0-458f-a110-8edc6236053b}" />
	<object class="GroupTrack" id="{df1c2ea8-806d-42df-8ae2-a8f737e67e04}">
		<relationship name="modules">
			<destination>{0864107f-ffb5-4c08-9721-574ece06b1d7}</destination>
		</relationship>
		<relationship name="mixerGroup">
			<destination>{89869e9b-dc26-438b-8992-c873cac51266}</destination>
		</relationship>
	</object>
	<object class="Timeline" id="{385034b7-eb30-4574-9e4b-1bd435c3920c}">
		<relationship name="modules">
			<destination>{0864107f-ffb5-4c08-9721-574ece06b1d7}</destination>
		</relationship>
		<relationship name="markers">
			<destination>{7e9440c8-d9d1-4a77-8ed6-3a0b9c1d7162}</destination>
		</relationship>
	</object>
	<object class="EventMixerMaster" id="{03516f5f-5b43-48d5-81de-9f747decfa70}">
		<relationship name="effectChain">
			<destination>{c578aedd-4ebf-4d2e-b41f-db3a6f2c3928}</destination>
		</relationship>
		<relationship name="panner">
			<destination>{5004b959-5808-4d19-9120-02478c59ba40}</destination>
		</relationship>
		<relationship name="mixer">
			<destination>{33a590d0-3b83-4d04-bc58-c83c3c4408b0}</destination>
		</relationship>
	</object>
	<object class="MixerBusEffectChain" id="{9da2092f-7422-44a3-b71b-6c23bd13954e}">
		<relationship name="effects">
			<destination>{d26026c3-dc40-452d-b555-affb0925f0ff}</destination>
		</relationship>
	</object>
	<object class="MixerBusPanner" id="{a756d0c5-cf5c-488c-96f3-a7b607220ba0}" />
	<object class="SingleSound" id="{0864107f-ffb5-4c08-9721-574ece06b1d7}">
		<property name="length">
			<value>0.99845804988662135</value>
		</property>
		<relationship name="audioFile">
			<destination>{7230b2b9-b1d6-4bae-b975-5de6edc9b0d0}</destination>
		</relationship>
	</object>
	<object class="EventMixerGroup" id="{89869e9b-dc26-438b-8992-c873cac51266}">
		<property name="name">
			<value>Audio 1</value>
		</property>
		<relationship name="effectChain">
			<destination>{a88688c8-8fde-48c8-bcf0-2084021622f7}</destination>
		</relationship>
		<relationship name="panner">
			<destination>{81726b89-1949-4054-8653-b812e56cc16d}</destination>
		</relationship>
		<relationship name="output">
			<destination>{03516f5f-5b43-48d5-81de-9f747decfa70}</destination>
		</relationship>
	</object>
	<object class="LoopRegion" id="{7e9440c8-d9d1-4a77-8ed6-3a0b9c1d7162}">
		<property name="position">
			<value>0</value>
		</property>
		<property name="length">
			<value>0.99845804988662135</value>
		</property>
		<relationship name="timeline">
			<destination>{385034b7-eb30-4574-9e4b-1bd435c3920c}</destination>
		</relationship>
		<relationship name="markerTrack">
			<destination>{def9c417-bea0-458f-a110-8edc6236053b}</destination>
		</relationship>
	</object>
	<object class="MixerBusEffectChain" id="{c578aedd-4ebf-4d2e-b41f-db3a6f2c3928}">
		<relationship name="effects">
			<destination>{a345c960-dc26-4755-96fb-ab56069ca8a8}</destination>
		</relationship>
	</object>
	<object class="MixerBusPanner" id="{5004b959-5808-4d19-9120-02478c59ba40}" />
	<object class="MixerBusFader" id="{d26026c3-dc40-452d-b555-affb0925f0ff}" />
	<object class="MixerBusEffectChain" id="{a88688c8-8fde-48c8-bcf0-2084021622f7}">
		<relationship name="effects">
			<destination>{8eb4a34d-d699-4449-a633-6e7c851a13b2}</destination>
		</relationship>
	</object>
	<object class="MixerBusPanner" id="{81726b89-1949-4054-8653-b812e56cc16d}" />
	<object class="MixerBusFader" id="{a345c960-dc26-4755-96fb-ab56069ca8a8}" />
	<object class="MixerBusFader" id="{8eb4a34d-d699-4449-a633-6e7c851a13b2}" />
</objects>
