<?xml version="1.0" encoding="UTF-8"?>
<objects serializationModel="Studio.02.02.00">
	<object class="Event" id="{e915527f-2207-4dee-9cfc-2319016b8449}">
		<property name="name">
			<value>Bowsers Here</value>
		</property>
		<property name="outputFormat">
			<value>1</value>
		</property>
		<relationship name="folder">
			<destination>{02a99041-2fd3-43af-8497-3d86a51bdc5e}</destination>
		</relationship>
		<relationship name="mixer">
			<destination>{f612abe7-00f2-4207-b9c2-b47b73f6bf54}</destination>
		</relationship>
		<relationship name="masterTrack">
			<destination>{34031e92-b876-45d7-91cd-3bfbb623dfcf}</destination>
		</relationship>
		<relationship name="mixerInput">
			<destination>{cf954fa5-cfd8-431a-b77b-bc0db20a3580}</destination>
		</relationship>
		<relationship name="automatableProperties">
			<destination>{8f612232-a217-44ab-9ac9-1bf001694ecb}</destination>
		</relationship>
		<relationship name="markerTracks">
			<destination>{ce99e44e-1683-4420-beb7-41c230f39729}</destination>
		</relationship>
		<relationship name="groupTracks">
			<destination>{0df26675-256d-4594-9e95-2de88e5f55cf}</destination>
		</relationship>
		<relationship name="timeline">
			<destination>{b98668b6-45ae-425a-961c-508d8b0ebe78}</destination>
		</relationship>
		<relationship name="banks">
			<destination>{59453b9e-a43f-4b72-9189-915ea2df3dbc}</destination>
		</relationship>
	</object>
	<object class="EventMixer" id="{f612abe7-00f2-4207-b9c2-b47b73f6bf54}">
		<relationship name="masterBus">
			<destination>{5558babc-1862-48e6-b64c-2bdb2cff656c}</destination>
		</relationship>
	</object>
	<object class="MasterTrack" id="{34031e92-b876-45d7-91cd-3bfbb623dfcf}">
		<relationship name="mixerGroup">
			<destination>{5558babc-1862-48e6-b64c-2bdb2cff656c}</destination>
		</relationship>
	</object>
	<object class="MixerInput" id="{cf954fa5-cfd8-431a-b77b-bc0db20a3580}">
		<relationship name="effectChain">
			<destination>{25e4df10-1af4-4f34-81b4-7580cebf8bed}</destination>
		</relationship>
		<relationship name="panner">
			<destination>{31ef7f25-c6d3-4a0d-b889-99db9967b73b}</destination>
		</relationship>
		<relationship name="output">
			<destination>{d3dceea1-a85b-435e-83a3-45536a7adfbc}</destination>
		</relationship>
	</object>
	<object class="EventAutomatableProperties" id="{8f612232-a217-44ab-9ac9-1bf001694ecb}" />
	<object class="MarkerTrack" id="{ce99e44e-1683-4420-beb7-41c230f39729}" />
	<object class="GroupTrack" id="{0df26675-256d-4594-9e95-2de88e5f55cf}">
		<relationship name="modules">
			<destination>{a60292de-e3de-401c-9070-96b330ea3d11}</destination>
		</relationship>
		<relationship name="mixerGroup">
			<destination>{0252b78e-f461-47ea-9a81-7d2844b8b778}</destination>
		</relationship>
	</object>
	<object class="Timeline" id="{b98668b6-45ae-425a-961c-508d8b0ebe78}">
		<relationship name="modules">
			<destination>{a60292de-e3de-401c-9070-96b330ea3d11}</destination>
		</relationship>
		<relationship name="markers">
			<destination>{bc92452d-508e-4550-be12-f7a3daed77f4}</destination>
		</relationship>
	</object>
	<object class="EventMixerMaster" id="{5558babc-1862-48e6-b64c-2bdb2cff656c}">
		<property name="volume">
			<value>-20</value>
		</property>
		<relationship name="effectChain">
			<destination>{e2262056-4a10-4510-801a-8d686b52bd59}</destination>
		</relationship>
		<relationship name="panner">
			<destination>{2672ab88-d9d1-4eae-a1f1-819cd95116bb}</destination>
		</relationship>
		<relationship name="mixer">
			<destination>{f612abe7-00f2-4207-b9c2-b47b73f6bf54}</destination>
		</relationship>
	</object>
	<object class="MixerBusEffectChain" id="{25e4df10-1af4-4f34-81b4-7580cebf8bed}">
		<relationship name="effects">
			<destination>{4e28b49e-0588-4c45-a5f3-6bd34611417a}</destination>
		</relationship>
	</object>
	<object class="MixerBusPanner" id="{31ef7f25-c6d3-4a0d-b889-99db9967b73b}" />
	<object class="SingleSound" id="{a60292de-e3de-401c-9070-96b330ea3d11}">
		<property name="length">
			<value>43.003356009070295</value>
		</property>
		<property name="startOffset">
			<value>0.5</value>
		</property>
		<relationship name="audioFile">
			<destination>{84996032-a985-4eb5-b1d9-9caa1a6496a5}</destination>
		</relationship>
	</object>
	<object class="EventMixerGroup" id="{0252b78e-f461-47ea-9a81-7d2844b8b778}">
		<property name="name">
			<value>Audio 1</value>
		</property>
		<relationship name="effectChain">
			<destination>{6aeda76c-f92e-4e2c-8933-2bc022c5072f}</destination>
		</relationship>
		<relationship name="panner">
			<destination>{eafa8779-20f5-4b51-bd5a-d0c4f7db61a7}</destination>
		</relationship>
		<relationship name="output">
			<destination>{5558babc-1862-48e6-b64c-2bdb2cff656c}</destination>
		</relationship>
	</object>
	<object class="LoopRegion" id="{bc92452d-508e-4550-be12-f7a3daed77f4}">
		<property name="position">
			<value>0.5</value>
		</property>
		<property name="length">
			<value>24</value>
		</property>
		<relationship name="timeline">
			<destination>{b98668b6-45ae-425a-961c-508d8b0ebe78}</destination>
		</relationship>
		<relationship name="markerTrack">
			<destination>{ce99e44e-1683-4420-beb7-41c230f39729}</destination>
		</relationship>
	</object>
	<object class="MixerBusEffectChain" id="{e2262056-4a10-4510-801a-8d686b52bd59}">
		<relationship name="effects">
			<destination>{25a3d920-327b-402f-8962-2ccf092531bb}</destination>
		</relationship>
	</object>
	<object class="MixerBusPanner" id="{2672ab88-d9d1-4eae-a1f1-819cd95116bb}" />
	<object class="MixerBusFader" id="{4e28b49e-0588-4c45-a5f3-6bd34611417a}" />
	<object class="MixerBusEffectChain" id="{6aeda76c-f92e-4e2c-8933-2bc022c5072f}">
		<relationship name="effects">
			<destination>{0641ab8e-e8e8-41d9-acb4-136c9eaeacd5}</destination>
		</relationship>
	</object>
	<object class="MixerBusPanner" id="{eafa8779-20f5-4b51-bd5a-d0c4f7db61a7}" />
	<object class="MixerBusFader" id="{25a3d920-327b-402f-8962-2ccf092531bb}" />
	<object class="MixerBusFader" id="{0641ab8e-e8e8-41d9-acb4-136c9eaeacd5}" />
</objects>
