<?xml version="1.0" encoding="UTF-8"?>
<objects serializationModel="Studio.02.02.00">
	<object class="AudioFile" id="{33aa2470-7f36-4ab5-9010-fb66932d93f9}">
		<property name="assetPath">
			<value>7.wav</value>
		</property>
		<property name="frequencyInKHz">
			<value>44.0999985</value>
		</property>
		<property name="channelCount">
			<value>2</value>
		</property>
		<property name="length">
			<value>0.51083900226757373</value>
		</property>
		<relationship name="masterAssetFolder">
			<destination>{6e23de32-7231-43cf-b241-696699a1b37e}</destination>
		</relationship>
	</object>
</objects>
