<?xml version="1.0" encoding="UTF-8"?>
<objects serializationModel="Studio.02.02.00">
	<object class="AudioFile" id="{38f6feff-ff09-425f-8211-0b5d5c017ca0}">
		<property name="assetPath">
			<value>Walk Placeholder.wav</value>
		</property>
		<property name="frequencyInKHz">
			<value>44.0999985</value>
		</property>
		<property name="channelCount">
			<value>2</value>
		</property>
		<property name="length">
			<value>0.52244897959183678</value>
		</property>
		<relationship name="masterAssetFolder">
			<destination>{6e23de32-7231-43cf-b241-696699a1b37e}</destination>
		</relationship>
	</object>
</objects>
