<?xml version="1.0" encoding="UTF-8"?>
<objects serializationModel="Studio.02.02.00">
	<object class="AudioFile" id="{3a7d1a46-8dc4-4622-9ff1-59acd2e352c9}">
		<property name="assetPath">
			<value>3.wav</value>
		</property>
		<property name="frequencyInKHz">
			<value>44.0999985</value>
		</property>
		<property name="channelCount">
			<value>2</value>
		</property>
		<property name="length">
			<value>0.51664399092970525</value>
		</property>
		<relationship name="masterAssetFolder">
			<destination>{6e23de32-7231-43cf-b241-696699a1b37e}</destination>
		</relationship>
	</object>
</objects>
