<?xml version="1.0" encoding="UTF-8"?>
<objects serializationModel="Studio.02.02.00">
	<object class="AudioFile" id="{773b3b36-b81f-47c8-98ba-a66e044189dc}">
		<property name="assetPath">
			<value>8.wav</value>
		</property>
		<property name="frequencyInKHz">
			<value>44.0999985</value>
		</property>
		<property name="channelCount">
			<value>2</value>
		</property>
		<property name="length">
			<value>0.51664399092970525</value>
		</property>
		<relationship name="masterAssetFolder">
			<destination>{6e23de32-7231-43cf-b241-696699a1b37e}</destination>
		</relationship>
	</object>
</objects>
