<?xml version="1.0" encoding="UTF-8"?>
<objects serializationModel="Studio.02.02.00">
	<object class="AudioFile" id="{bba687b9-b5d1-48f3-84e7-391c81a5e842}">
		<property name="assetPath">
			<value>Heartbeat_Placeholder.wav</value>
		</property>
		<property name="frequencyInKHz">
			<value>44.0999985</value>
		</property>
		<property name="channelCount">
			<value>2</value>
		</property>
		<property name="length">
			<value>1.0216780045351475</value>
		</property>
		<relationship name="masterAssetFolder">
			<destination>{6e23de32-7231-43cf-b241-696699a1b37e}</destination>
		</relationship>
	</object>
</objects>
